,player,season,posts
0,Nikola Jokic,2021,"[{""title"": ""[Wind] Nikola Jokic on his relationship with Bulls center Nikola Vucevic: \u201cWe play Counter-Strike a lot together.\u201d"", ""score"": 14898, ""ncomments"": 2000}, {""title"": ""NBA GMs vote Nikola Jokic as the best center in the league (64%) ahead of Joel Embiid (23%) and Giannis Antetokounmpo (7%)"", ""score"": 844, ""ncomments"": 632}, {""title"": ""Nikola Jokic vs the New Orleans Pelicans tonight - 39/11/11 on 17/23 shooting"", ""score"": 696, ""ncomments"": 244}, {""title"": ""Nikola Jokic just scored all of the Nuggets' points in OT, besides intentional foul FTs"", ""score"": 204, ""ncomments"": 63}, {""title"": ""[ESPN] Nikola Jokic had 39 points, 11 rebounds and 11 assists on 17-23 FG He's the 4th player in NBA history with 3 career 30-point triple-doubles on 70% FG The others? Wilt Chamberlain (10), Magic Johnson (4), Oscar Robertson (3)"", ""score"": 86, ""ncomments"": 36}, {""title"": ""Nikola Jokic tonight: 39 PTS 11 REB 11 AST 17-23 FG It\u2019s his 9th 30-point triple-double of his career, the most in NBA history by any center not named Wilt Chamberlain."", ""score"": 85, ""ncomments"": 7}, {""title"": ""Nikola Jokic mic'd up during the Clippers/Nuggets pre-season game"", ""score"": 47, ""ncomments"": 47}, {""title"": ""Nikola Jokic at the half: 27/6/5 on 10-12 shooting and 3-4 from 3."", ""score"": 35, ""ncomments"": 35}, {""title"": ""[Wind] Nikola Jokic on his relationship with Bulls center Nikola Vucevic: \""We play Counter-Strike a lot together.\"""", ""score"": 21, ""ncomments"": 6}, {""title"": ""Nikola Jokic in a loss to the T-Wolves: 38 points, 19 rebounds, 8 assists, and 1 steal on 14/21 shooting, 0/2 from 3"", ""score"": 15, ""ncomments"": 5}, {""title"": ""NBA top 15 big men rankings for 2021-22: Giannis Antetokounmpo seizes No. 1 ahead of Nikola Jokic, Joel Embiid"", ""score"": 12, ""ncomments"": 104}, {""title"": ""Nikola Jokic and the Denver Nuggets were apart of 4 straight 7 game series spanning across two playoff runs."", ""score"": 11, ""ncomments"": 18}, {""title"": ""[StatMuse] Nikola Jokic tonight: 39 PTS 11 REB 11 AST 17-23 FG It\u2019s his 9th 30-point triple-double of his career, the most in NBA history by any center not named Wilt Chamberlain."", ""score"": 10, ""ncomments"": 4}, {""title"": ""Since having his worst shooting night of the season, Nikola Jokic has responded to average 34.2 PPG on 66.3% shooting from the field in his last 9 games"", ""score"": 7, ""ncomments"": 2}, {""title"": ""[ESPN] Nikola Jokic is the only player in NBA history to record 5,000 rebounds &amp; 3,000 assist within his first 500 career games"", ""score"": 6, ""ncomments"": 0}, {""title"": ""Nikola Jokic tonight: 38 points on 14/21 shooting, 19 rebounds and 8 assists vs Minnesota"", ""score"": 4, ""ncomments"": 1}, {""title"": ""At the half, Nikola Jokic and Will Barton have accounted for 42/52 of the Nuggets points on a combined 16/20 shooting."", ""score"": 4, ""ncomments"": 0}, {""title"": ""[Highlight] Nikola Jokic hits a tough contested three for his 44th point"", ""score"": 3, ""ncomments"": 5}, {""title"": ""[Highlight] Herb Jones throws it down on Nikola Jokic!"", ""score"": 3, ""ncomments"": 4}, {""title"": ""[Winge] Nikola Jokic and Will Barton have combined for 42 of the Denver Nuggets 52 points at the half."", ""score"": 2, ""ncomments"": 10}, {""title"": ""Nikola Jokic wraps up a win against the Spurs with a monster 35 points, 17 rebounds and 8 assists on 64% TS"", ""score"": 2, ""ncomments"": 0}, {""title"": ""Joel Embiid just shot 27 free throws in a single game. Nikola Jokic has shot 27 free throws in his last 4 games."", ""score"": 2, ""ncomments"": 0}, {""title"": ""[Wind] Tim Connelly drafted Nikola Jokic (41st) Jamal Murray (7th) and Michael Porter Jr. (14th), watched all three develop into the Nuggets' core, and signed all three to max rookie extensions as Denver transformed into a contender."", ""score"": 2, ""ncomments"": 130}, {""title"": ""Nikola Jokic shooting splits by distance from the basket this season. 0-3 ft - 80%, 3-10 ft - 56%, 10 - 16 ft - 63%, 16ft - 3 point range - 80%, 3 point and beyond - 40%. He's averaging FG% of 61, EFG% of 67%, and TS% of 68"", ""score"": 2, ""ncomments"": 156}, {""title"": ""Nikola Jokic: 35 PTS 17 REB 8 AST in a win vs the Warriors"", ""score"": 2, ""ncomments"": 336}]"
1,Joel Embiid,2021,"[{""title"": ""Joel Embiid: \""I'm not even close to 100%. I'm still feeling it, I get tired easily, feel pretty weak. But every single day slowly getting better. So I just got to keep pushing myself. My teammates, they push me. They want me to be making all the plays offensively and defensively, so I\u2019m gonna push."", ""score"": 1226, ""ncomments"": 187}, {""title"": ""NBA GMs vote Nikola Jokic as the best center in the league (64%) ahead of Joel Embiid (23%) and Giannis Antetokounmpo (7%)"", ""score"": 844, ""ncomments"": 632}, {""title"": ""[Highlight] Joel Embiid blows by PJ Washington for the huge slam!"", ""score"": 475, ""ncomments"": 157}, {""title"": ""[Schultz] In addition to Caris LeVert, sources say the #Sixers have also inquired about Malcolm Brodgon - citing his high-level two-way game and capacity to play both guard positions as a plus alongside Joel Embiid. One more note: The #Pacers control all of their draft picks as well."", ""score"": 118, ""ncomments"": 375}, {""title"": ""Joel Embiid drops 32 PTS &amp; 8 REB in 76ers back-to-back W against Hornets \ud83d\udcaa"", ""score"": 43, ""ncomments"": 47}, {""title"": ""Andre Drummond on Joel Embiid: \u201cHe hit me with the okey-doke today. Usually he'll take a couple plays off at shootaround just to rest so I didn't know what was going on till I got here. So I seen the alert on Twitter and said, 'Oh shit, I'm starting today.'\u201d"", ""score"": 40, ""ncomments"": 18}, {""title"": ""NBA top 15 big men rankings for 2021-22: Giannis Antetokounmpo seizes No. 1 ahead of Nikola Jokic, Joel Embiid"", ""score"": 12, ""ncomments"": 104}, {""title"": ""Could Joel Embiid improve even more"", ""score"": 4, ""ncomments"": 93}, {""title"": ""[Bodner] Joel Embiid, on their improved defensive execution tonight: \""Charlotte, they move the ball extremely well and they have shooters all over the place, and they made a bunch of jump shots. Boston is more of an iso heavy team, so it becomes easier to load up and try to stop them.\"""", ""score"": 4, ""ncomments"": 0}, {""title"": ""Career night for Joel Embiid."", ""score"": 3, ""ncomments"": 0}, {""title"": ""Joel Embiid to Tyrese Maxey post-game: \""You see what happens when you freakin' shoot 3's? Come on man, shoot the 3!...you were great... that's how you respond to criticism!\"""", ""score"": 3, ""ncomments"": 1}, {""title"": ""Joel Embiid tonight: 40 minutes, 43 points, 14 rebounds, 7 assist, 3 TO, 13-16 FG, 1-2 3PTFG, 12-14 FT."", ""score"": 3, ""ncomments"": 1}, {""title"": ""Joel Embiid tells 76ers fans to support Ben Simmons before home opener: 'He's still our brother' | Embiid expressed support for Simmons prior to Friday's home opener, telling fans to stand by Simmons. Embiid got on the microphone before the game and said of Simmons, \""He's still our brother.\"""", ""score"": 2, ""ncomments"": 1}, {""title"": ""[Highlight] Joel Embiid weaves his way into the paint for the emphatic dunk with the shot clock winding down"", ""score"": 2, ""ncomments"": 0}, {""title"": ""Joel Embiid just shot 27 free throws in a single game. Nikola Jokic has shot 27 free throws in his last 4 games."", ""score"": 2, ""ncomments"": 0}, {""title"": ""For the first time in his short career, Tyrese Maxey has scored 20+ points three games in a row with Joel Embiid in the lineup."", ""score"": 2, ""ncomments"": 0}, {""title"": ""James Harden and Joel Embiid have shot a combined 45/53 free throws over their last two games and 22/81 from the field"", ""score"": 2, ""ncomments"": 0}, {""title"": ""Joel Embiid with a 44/17/3 statline leads the Philadelphia 76ers to a 112-108 win versus the Cavaliers."", ""score"": 2, ""ncomments"": 0}, {""title"": ""Joel Embiid vs the Celtics: 41 points, 10 rebounds, 5 assists, 4 blocks, 2 steals"", ""score"": 2, ""ncomments"": 0}, {""title"": ""Since Dec 26. Joel Embiid has averaged 32.9/10.1/4.7 shooting 56.2/42.1/82.9 with 1.1 steals and 1.4 blocks. The 76ers are 7-0 in this stretch!"", ""score"": 2, ""ncomments"": 0}, {""title"": ""[Highlight] Joel Embiid Bullies Tristan Thompson For The Big Slam"", ""score"": 2, ""ncomments"": 1}, {""title"": ""Another MVP-caliber performance for Joel Embiid in win over Cavs: 34 minutes played, 35 points (13-19 FG; 8-10 FT), 17 rebounds, 5 assists."", ""score"": 2, ""ncomments"": 0}, {""title"": ""[Highlight] Joel Embiid with the casual windmill dunk"", ""score"": 2, ""ncomments"": 1}, {""title"": ""[Joel \""Troel\"" Embiid] Time To Run - Most likely in reference to Dame calling out PG for running from the grind."", ""score"": 2, ""ncomments"": 0}, {""title"": ""Joel Embiid tonight vs .Cavs : 44 pts / 17 rebs / 5 blks"", ""score"": 2, ""ncomments"": 0}]"
2,Giannis Antetokounmpo,2021,"[{""title"": ""Giannis Antetokounmpo: \u201cY\u043eu guys p\u043est my dunks, my threes. When I make a three, make it l\u043e\u043ek g\u043e\u043ed. Post it fr\u043em diff\u0435rent angl\u0435s\u2026 s\u043e it l\u043e\u043eks like I mad\u0435 four of th\u0435m. S\u043e pe\u043eple can think I can sh\u043e\u043et n\u043ew.\u201d"", ""score"": 3626, ""ncomments"": 491}, {""title"": ""NBA GMs vote Nikola Jokic as the best center in the league (64%) ahead of Joel Embiid (23%) and Giannis Antetokounmpo (7%)"", ""score"": 844, ""ncomments"": 632}, {""title"": ""Giannis Antetokounmpo: \u201cHello. I know you gu\u0443s have a lot of questions. I'm not going to address them\u2026 I practiced toda\u0443. I feel good... thank you gu\u0443s, have a good da\u0443!\u201d"", ""score"": 181, ""ncomments"": 188}, {""title"": ""NBA top 15 big men rankings for 2021-22: Giannis Antetokounmpo seizes No. 1 ahead of Nikola Jokic, Joel Embiid"", ""score"": 12, ""ncomments"": 104}, {""title"": ""NBA Top 100 player rankings for 2021-22: Kevin Durant beats out LeBron James, Giannis Antetokounmpo for No. 1"", ""score"": 4, ""ncomments"": 28}, {""title"": ""Giannis Antetokounmpo after last night's win against D\u0435troit: \""Aw man. I f\u0435\u0435l so good\u2026 We w\u043en! Oh my G\u043ed. Oh my g\u043e\u043edness. I th\u043eught we w\u0435re tank\u0456ng! I thought we wer\u0435 tank\u0456ng for the numb\u0435r on\u0435 pick! Ph\u0435w. Thank y\u043eu!\"""", ""score"": 2, ""ncomments"": 407}, {""title"": ""Giannis Antetokounmpo now sits at 40 points away from becoming the Bucks all-time scoring leader"", ""score"": 2, ""ncomments"": 0}, {""title"": ""Giannis Antetokounmpo gives his opinion about being the scoring champion and MVP: \""It holds you back. You don't get to your full potential when you worry about wrong things. I couldn't care less about winning the MVP.\"""", ""score"": 2, ""ncomments"": 0}, {""title"": ""Giannis Antetokounmpo tonight: 32/14/7 on 12/25 from the field, 7/9 from the line"", ""score"": 2, ""ncomments"": 309}, {""title"": ""[Highlight] (Full Play) Giannis Antetokounmpo puts the Bucks up 2 with two seconds remaining with his 40th points of the game. The Bucks have won 8 straight."", ""score"": 2, ""ncomments"": 79}, {""title"": ""Giannis Antetokounmpo with a shield: \""Avengers! Assemble!\"""", ""score"": 2, ""ncomments"": 62}, {""title"": ""Giannis Antetokounmpo tonight against the Hornets : 43 pts / 11 rebs / 3 asts / 2 blks / 1 stl"", ""score"": 2, ""ncomments"": 0}, {""title"": ""Why Giannis Antetokounmpo is the goat: An analysis"", ""score"": 1, ""ncomments"": 0}, {""title"": ""Giannis Antetokounmpo goes ballistic on his team In heated huddle. \ud83d\ude02\ud83d\ude02\ud83d\ude02\ud83d\ude02* 2021 nba playoffs *"", ""score"": 1, ""ncomments"": 0}, {""title"": ""Steph Curry Vs Giannis Antetokounmpo"", ""score"": 1, ""ncomments"": 2}, {""title"": ""Giannis Antetokounmpo showing off his improved jumper"", ""score"": 1, ""ncomments"": 83}, {""title"": ""Giannis Antetokounmpo on Cosmote TV: \""Harden is a superb player. He didn't mention me back then, this wasn't for me. On the court i will play hard against everybody. He is a HoF\""."", ""score"": 1, ""ncomments"": 0}, {""title"": ""[Kathimerini] Giannis Antetokounmpo: I would rather sell cds at Sepolia if it meant my father would still be alive."", ""score"": 1, ""ncomments"": 56}, {""title"": ""Luka Doncic Edges Giannis Antetokounmpo In GM Survey For Player To Build Around"", ""score"": 1, ""ncomments"": 0}, {""title"": ""Giannis Antetokounmpo With a crazy block!"", ""score"": 1, ""ncomments"": 2}, {""title"": ""Giannis Antetokounmpo with a crazy block"", ""score"": 1, ""ncomments"": 2}, {""title"": ""Giannis Antetokounmpo Full Game Highlights | October 15 | Mavericks vs Bucks"", ""score"": 1, ""ncomments"": 19}, {""title"": ""Giannis Antetokounmpo tonight: 15 points, 10 rebounds, 2 assists, 2 turnovers, 4/11 shooting"", ""score"": 1, ""ncomments"": 0}, {""title"": ""Giannis Antetokounmpo Drops 32 Points, 14 Rebounds &amp; 7 Assists Against Brooklyn | 10.19.21"", ""score"": 1, ""ncomments"": 9}, {""title"": ""Moe Wagner Breaks Down Getting Headbutted By Giannis Antetokounmpo"", ""score"": 1, ""ncomments"": 33}]"
3,Devin Booker,2021,"[{""title"": ""Chris Paul and Devin Booker are now shooting a combined 22-32 (69%) on \""clutch\"" shots this season"", ""score"": 209, ""ncomments"": 116}, {""title"": ""Devin Booker (somehow) pass it to Mikal Bridges for the three."", ""score"": 5, ""ncomments"": 4}, {""title"": ""[Highlight] Devin Booker hits a VERY high arcing shot during the dead-ball timeout as Malik Monk thinks twice about goaltending a la Kevin Garnett"", ""score"": 3, ""ncomments"": 0}, {""title"": ""Devin \""Despite the Win\"" Booker tonight 11 points on 5/22 shooting, 0/7 from 3, -6 despite every other Sun having a positive +/-"", ""score"": 2, ""ncomments"": 0}, {""title"": ""Devin booker is a superstar, and nobody wants to acknowledge it\u2026"", ""score"": 2, ""ncomments"": 18}, {""title"": ""Devin Booker finishes the First Half with 26 of the Suns 50 points on 10-15 shooting."", ""score"": 2, ""ncomments"": 0}, {""title"": ""[Highlight] Malik Monk makes a gorgeous cross-court pass to Devin Booker on the bench as the Lakers take their final timeout facing elimination"", ""score"": 2, ""ncomments"": 1}, {""title"": ""[Charania] Phoenix Suns star Devin Booker will miss time to start training camp this upcoming week due to health and safety protocols."", ""score"": 2, ""ncomments"": 1}, {""title"": ""Devin Booker vs. the Sixers tonight : 35 points on 11-23 FG / 3-8 3PT / 10-11 FT"", ""score"": 2, ""ncomments"": 24}, {""title"": ""[Highlight] Devin Booker gets the defender on his back, hits the toughly contested fadeaway jumper from the free throw line, and sprawls out in his signature pose."", ""score"": 2, ""ncomments"": 0}, {""title"": ""Who is the better player right now: Devin Booker or Donovan Mitchell?"", ""score"": 1, ""ncomments"": 58}, {""title"": ""[Devin Booker] I miss open gyms without the camera. Or just highlight whoever killed the run Can't be EVERYbody"", ""score"": 1, ""ncomments"": 371}, {""title"": ""CJ Miles\u2019 wife Lauren on Twitter: \u201cI just wanna take this time to say Devin Booker was right. double teaming in an open run is whack.\u201d Jordan Clarkson\u2019s reply: \u201cshoot it over both\u201d"", ""score"": 1, ""ncomments"": 252}, {""title"": ""Devin Booker speaks out after testing positive for COVID-19: \u2018I\u2019m not gonna tell you guys if I have the vaccine or not\u2019"", ""score"": 1, ""ncomments"": 2}, {""title"": ""Suns Beat Reporter Kellan Olson States that Devin Booker Declined to Say if He is Vaccinated"", ""score"": 1, ""ncomments"": 510}, {""title"": ""Devin Booker confirmed on a Twitch stream Sunday that he tested positive for COVID-19"", ""score"": 1, ""ncomments"": 0}, {""title"": ""[Kellan Olson] Devin Booker on his Twitch stream (http://twitch.tv/dbook) confirms he has COVID-19. Said it has been about a week and he'll be back in no time. He said he's straight right now and the worst part is no taste and smell. He did not want to say if he has been vaccinated or not."", ""score"": 1, ""ncomments"": 0}, {""title"": ""Devin Booker talking about his Symptoms on his live stream"", ""score"": 1, ""ncomments"": 0}, {""title"": ""[Kellan Olson] Devin Booker on his Twitch stream (http://twitch.tv/dbook) confirms he has COVID-19. Said it has been about a week and he'll be back in no time. He said he's straight right now and the worst part is no taste and smell. He did not want to say if he has been vaccinated or not."", ""score"": 1, ""ncomments"": 0}, {""title"": ""[Olson] Devin Booker is back with the Suns in training camp, per my eyes"", ""score"": 1, ""ncomments"": 2}, {""title"": ""[Olson] Devin Booker is back with the Suns in training camp, per my eyes"", ""score"": 1, ""ncomments"": 25}, {""title"": ""Who\u2019s currently better, Donovan Mitchell Or Devin Booker?"", ""score"": 1, ""ncomments"": 105}, {""title"": ""Who\u2019s currently better, Donovan Mitchell or Devin Booker?"", ""score"": 1, ""ncomments"": 2}, {""title"": ""Who\u2019s currently better better Devin Booker or Donovan Mitchell?"", ""score"": 1, ""ncomments"": 0}, {""title"": ""Who is the new Devin Booker?"", ""score"": 1, ""ncomments"": 95}]"
4,Luka Doncic,2021,"[{""title"": ""According to Tim MacMahon on The Lowe Post, Luka Doncic reported at in at 260+ lbs this season"", ""score"": 2845, ""ncomments"": 1730}, {""title"": ""[Austin Krell] Luka Doncic is among the players to have expressed interest in playing with Ben Simmons, per source. That interest extends all the way back to the summer."", ""score"": 1601, ""ncomments"": 936}, {""title"": ""[Highlight] Luka Doncic ends the half with a stepback off-the-class buzzer-beater 3"", ""score"": 662, ""ncomments"": 110}, {""title"": ""Luka Doncic acknowledged that his conditioning has got to be better \""I had a long summer. I had the Olympics, took three weeks off, and I relaxed a little bit. Maybe too much. I've just got to get back on track.\"""", ""score"": 642, ""ncomments"": 302}, {""title"": ""Agree or disagree: Luka Doncic has not improved much if at all since his sophomore season"", ""score"": 259, ""ncomments"": 283}, {""title"": ""Luka Doncic has reported to training camp weighing more than 260 pounds the last two years. \""I know I've got to do better,\"" Doncic said about his conditioning."", ""score"": 202, ""ncomments"": 130}, {""title"": ""[Caplan] We could see Luka Doncic grimacing and walking gingerly on his left ankle/knee at several points tonight: \u201cI try to play. I try to practice. But it\u2019s still painful.\u201d"", ""score"": 99, ""ncomments"": 97}, {""title"": ""Luka Doncic tonight: 28 points, 6 rebounds, and 9 assists with only 1 turnover"", ""score"": 86, ""ncomments"": 179}, {""title"": ""Luka Doncic just recorded a triple double in 23 minutes of play"", ""score"": 84, ""ncomments"": 22}, {""title"": ""Luka Doncic in 16 minutes: 19 points, 6 rebounds, 5 assists on 8/10 shooting"", ""score"": 34, ""ncomments"": 155}, {""title"": ""[Stein] Luka Doncic will be a game-time decision for the Mavs's game tonight"", ""score"": 31, ""ncomments"": 48}, {""title"": ""WME Sports Signs NBA All -Star Luka Doncic"", ""score"": 20, ""ncomments"": 53}, {""title"": ""[MacMahon] Sources: Luka Doncic has reported to training camp weighing more than 260 pounds the last two years. \""I know I've got to do better,\"" Doncic said about his conditioning. 3"", ""score"": 16, ""ncomments"": 40}, {""title"": ""[Boardroom] \u201cThe NBA stars of tomorrow are here today.\u201d Trae Young and Luka Doncic on the cover of the latest @SInow."", ""score"": 15, ""ncomments"": 47}, {""title"": ""Luka Doncic cooks the Pistons: 33/7/11/1/2 on 9-18 FG, 5-9 3PT"", ""score"": 10, ""ncomments"": 4}, {""title"": ""Who is the better player: Luka Doncic vs Damian Lillard?"", ""score"": 6, ""ncomments"": 269}, {""title"": ""[Wojnarowski] Ayton, a key part of the Suns\u2019 run to the 2021 NBA Finals, has no intention of accepting a deal less than the comparable max contracts that several of his 2018 NBA Draft classmates signed, including Trae Young, Luka Doncic, Shai Gilgeous-Alexander and Michael Porter Jr."", ""score"": 5, ""ncomments"": 8}, {""title"": ""[Callie Caplan]: \""Jason Kidd just won the challenge to overturn the shooting foul on Kristaps Porizngis. Luka Doncic raised his arms, held both thumbs up and shouted \""Yes, sirrrrrr!\"" Then KP almost broke the rim on a dunk. You can sense the Mavs are very, very eager to close out a win\"""", ""score"": 4, ""ncomments"": 12}, {""title"": ""Luka Doncic when asked point blank about his vaccination status \u201cI mean, yeah, but I want to keep it private,\u201d."", ""score"": 2, ""ncomments"": 603}, {""title"": ""[Townsend]Mavericks media notes ahead of tomorrow's game against the Suns list Luka Doncic as doubtful and Maxi Kleber as out."", ""score"": 2, ""ncomments"": 38}, {""title"": ""Luka Doncic tonight vs. the Warriors : 41 pts / 10 rebs / 9 asts / 2 stls"", ""score"": 2, ""ncomments"": 0}, {""title"": ""Luka Doncic dismounts the Cavaliers: 35/9/13, 1 steal, 2 blocks, 14-26 FG."", ""score"": 2, ""ncomments"": 0}, {""title"": ""[Wojnarowski] Ayton, a key part of the Suns\u2019 run to the 2021 NBA Finals, has no intention of accepting a deal less than the comparable max contracts that several of his 2018 NBA Draft classmates signed, including Trae Young, Luka Doncic, Shai Gilgeous-Alexander and Michael Porter Jr."", ""score"": 2, ""ncomments"": 0}, {""title"": ""Josh Giddey joins Luka Doncic as the only players to record 4 triple doubles as teenagers."", ""score"": 2, ""ncomments"": 42}]"
5,Jayson Tatum,2021,"[{""title"": ""[Highlight] Jayson Tatum cooks Lonzo Ball"", ""score"": 280, ""ncomments"": 211}, {""title"": ""[Highlight] Jayson Tatum rises up and punches it through Russell Westbrook"", ""score"": 247, ""ncomments"": 92}, {""title"": ""[Smith] Marcus Smart quietly said he wants to be more involved in the offense. Then he added that Jaylen Brown and Jayson Tatum need to move the ball move, so that they aren't taking such difficult shots. On a follow-up Smart said \""I'm a great passer. I know I can get guys good shots.\"""", ""score"": 100, ""ncomments"": 288}, {""title"": ""Kevin Durant, who was ejected for a foul on Kelly Olynyk last night, performed a similar forearm shove to Jayson Tatum in last year's playoff series between the Nets and Celtics."", ""score"": 37, ""ncomments"": 58}, {""title"": ""Windhorst: Jayson Tatum in the past has said that he is vaccinated on the record. When asked whether all their team would be available under the current rules in Toronto, the Celtics offered a \""No comment.\"""", ""score"": 26, ""ncomments"": 46}, {""title"": ""Who's the better player rn, Jayson Tatum or Trae Young?"", ""score"": 21, ""ncomments"": 309}, {""title"": ""[Highlight] Jayson Tatum 4th quarter highlights vs Bulls"", ""score"": 18, ""ncomments"": 23}, {""title"": ""[Post Game Thread] The Boston Celtics (38-27) defeat the Memphis Grizzlies (43-21) 120 - 107 behind 37pts from Jayson Tatum"", ""score"": 3, ""ncomments"": 0}, {""title"": ""Jayson Tatum and Jaylen Brown combined for 71 points tonight on 26-48 shooting and 9-19 from 3"", ""score"": 3, ""ncomments"": 106}, {""title"": ""[Jayson Tatum] L\u0585l everyone always has an opinion on what you're doing/should be doing\u2026 positive comments or negative ones\u2026 I ask myself all the time would 13 year old me be proud of who I am today\u2026 sometimes puts things in perspective of what really matters"", ""score"": 2, ""ncomments"": 106}, {""title"": ""[Highlight] Jayson Tatum sheds Lonzo Ball with the handle and throws down the dunk"", ""score"": 2, ""ncomments"": 3}, {""title"": ""[Murphy] Jayson Tatum and Jaylen Brown decline to talk after tonight's collapse."", ""score"": 2, ""ncomments"": 12}, {""title"": ""[Highlight] Robert \""Timelord\"" Williams III skies out of nowhere for the putback jam following the Jayson Tatum miss"", ""score"": 2, ""ncomments"": 1}, {""title"": ""[Highlight] Jayson Tatum accelerates down the lane for the man jam, then Derrick White lobs it up to Theis for some jam action as well"", ""score"": 2, ""ncomments"": 1}, {""title"": ""Does Siakam have a legitimate All Star case over any of Jarret Allen, Jimmy Butler, or Jayson Tatum?"", ""score"": 2, ""ncomments"": 0}, {""title"": ""[Snow] NBA plus/minus leaders over the past 7 weeks: 1. Jayson Tatum: +304 2. Marcus Smart: +249 3. Al Horford: +242 4. Rob Williams: +208 5. Jaylen Brown: +194 No one else in the league is within 25 of Jaylen"", ""score"": 2, ""ncomments"": 0}, {""title"": ""[Jayson Tatum] My own opinion\u2026 this my favorite drake project ever."", ""score"": 1, ""ncomments"": 3}, {""title"": ""Jayson Tatum tries to boom Bam Adebayo"", ""score"": 1, ""ncomments"": 23}, {""title"": ""[Grenham] Jayson Tatum confirms that he is vaccinated when discussing his stance on the topic"", ""score"": 1, ""ncomments"": 40}, {""title"": ""Celtics star Jaylen Brown refutes rumors he and Jayson Tatum might not get along"", ""score"": 1, ""ncomments"": 60}, {""title"": ""Better Hairline, Jayson Tatum or Lonzo Ball"", ""score"": 1, ""ncomments"": 47}, {""title"": ""[Keith Smith] The Celtics will start Jayson Tatum, Jaylen Brown, Marcus Smart, Robert Williams and...Juancho Hernangomez."", ""score"": 1, ""ncomments"": 92}, {""title"": ""Jayson Tatum in 2019: \""I\u2019d Trade Me Too For Anthony Davis\"""", ""score"": 1, ""ncomments"": 85}, {""title"": ""Jayson Tatum tonight: 7/30 FG, 2/15 from three, 20 points"", ""score"": 1, ""ncomments"": 404}, {""title"": ""Jayson Tatum tonight: 31/9/2 shooting 12/24 from the field, and the W!"", ""score"": 1, ""ncomments"": 20}]"
6,Ja Morant,2021,"[{""title"": ""[Highlight] Kenny Smith: \""They're not trading Ja Morant.\"" Charles Barkley: \""I didn't say that, fool.\"" Kenny: \""It had some implications\u2026\"" Charles: \""We're trying to trade you to BET\u2026\"""", ""score"": 12695, ""ncomments"": 803}, {""title"": ""[Hill] Ja Morant said he woke up an hour earlier than normal today because he was ready for the season. \u201cNo coffee needed?\u201d Ja: \u201cI don\u2019t drink coffee. I\u2019m young. I\u2019m 22. If I need coffee now than there\u2019s something wrong.\u201d"", ""score"": 2088, ""ncomments"": 995}, {""title"": ""[Charania] Grizzlies\u2018 Ja Morant has entered COVID-19 health and safety protocols, team says."", ""score"": 777, ""ncomments"": 306}, {""title"": ""[Highlight] Ja Morant goes flying"", ""score"": 718, ""ncomments"": 166}, {""title"": ""[Highlight] Ja Morant tries to end Brook Lopez"", ""score"": 213, ""ncomments"": 86}, {""title"": ""The Grizzlies record WITH Ja Morant is 35-21 (0.625), good for 4th best winning % in the league"", ""score"": 32, ""ncomments"": 52}, {""title"": ""Are you still picking Zion over Ja Morant in the 2019 draft?"", ""score"": 5, ""ncomments"": 114}, {""title"": ""[Highlight] Ja Morant completes the insane play and gets the and-1"", ""score"": 3, ""ncomments"": 2}, {""title"": ""[Highlight] Ja Morant with the incredible two hand block"", ""score"": 2, ""ncomments"": 1}, {""title"": ""Ja Morant tonight in the win vs. the Grizzlies : 41 pts / 5 rebs / 8 asts / 2 stls"", ""score"": 2, ""ncomments"": 0}, {""title"": ""After defeating the KD + Kyrie Nets, The Grizzlies are now 15-2 in games without Ja Morant this season."", ""score"": 2, ""ncomments"": 0}, {""title"": ""[Highlight] Ja Morant with some wizardry as he somehow finds a way to weave through traffic for an acrobatic layup."", ""score"": 2, ""ncomments"": 22}, {""title"": ""[McMahon] Grizzlies star Ja Morant got helped to the locker room, putting no pressure on his left leg. He limped off the floor in the middle of a play in obvious pain."", ""score"": 2, ""ncomments"": 2}, {""title"": ""[Highlight] Ja Morant gets the clutch steal and layup to erase the Cavs' hope of a win"", ""score"": 2, ""ncomments"": 0}, {""title"": ""[Charania] 2022 West All-Star starters: Stephen Curry Ja Morant LeBron James Nikola Jokic Andrew Wiggins"", ""score"": 2, ""ncomments"": 1}, {""title"": ""Ja Morant against LAC. 28/5/5 with 1 steal on 13/21 shooting from the floor. He leads the league in paint points."", ""score"": 2, ""ncomments"": 33}, {""title"": ""The Grizzlies are now 19-2 without Ja Morant"", ""score"": 2, ""ncomments"": 0}, {""title"": ""Ja Morant vs. Spurs: Career-high 52 PTS, 7 REB, 2 AST on 22/30 FG, 4/4 3PT, 4/7 FT"", ""score"": 2, ""ncomments"": 0}, {""title"": ""Brian Scalabrine on the NBA'\u0455 upcoming li\u0455t of the 75 greate\u0455t player\u0455: \""Current player\u0455 are going to be mad. Ja Morant might be mad that he's not on it. I mean\u2026 the\u0455e guy\u0455 get mad about their NBA2k rating\u0455. There'\u0455 going to be \u0455ome outrage.\"""", ""score"": 1, ""ncomments"": 0}, {""title"": ""Brian Scalabrine on the NBA'\u0455 upcoming li\u0455t of the 75 greate\u0455t player\u0455: \""Current player\u0455 are going to be mad. In a weird way, Ja Morant might be mad that he's not on this li\u0455t. I mean\u2026 the\u0455e guy\u0455 get mad about their 2K rating\u0455. There'\u0455 going to be \u0455ome outrage.\"""", ""score"": 1, ""ncomments"": 0}, {""title"": ""Ja Morant says he\u2019s a top 5 PG in the NBA, along with Steph Curry, Chris Paul, Damian Lillard and Russell Westbrook \u201cThe point guard position is so loaded. Some guys have to get left out.\u201d"", ""score"": 1, ""ncomments"": 7}, {""title"": ""Hypothetically Zion, Anthony Edwards, Cade Cunningham, Lamelo, Jalen Green, Ja Morant are in the same draft class, how would the picks have been?"", ""score"": 1, ""ncomments"": 61}, {""title"": ""[Scotto] Ja Morant on his Top 5 NBA point guards: \u201cI'm a Top 5 point guard\u2026 Steph (Curry). I\u2019m a big Chris Paul fan. I\u2019d say Dame (Lillard) and (Russell) Westbrook. It\u2019s tough. The point guard position is so loaded. Some guys have to get left out.\u201d"", ""score"": 1, ""ncomments"": 601}, {""title"": ""[Grizzlies PR] The Memphis Grizzlies have exercised 2022-23 rookie scale contract options on Ja Morant, Brandon Clarke, and Desmond Bane."", ""score"": 1, ""ncomments"": 24}, {""title"": ""Ja Morant tonight: 37/6/6 shooting 17/29 from the field, and the W!"", ""score"": 1, ""ncomments"": 0}]"
7,Stephen Curry,2021,"[{""title"": ""NBA GMs: Which player forces opposing coaches to make the most adjustments? 1. Stephen Curry, Golden State \u2013 27% 2. Kevin Durant, Brooklyn \u2013 20% 3. LeBron James, L.A. Lakers \u2013 17% 4. James Harden, Brooklyn \u2013 13%"", ""score"": 414, ""ncomments"": 503}, {""title"": ""NBA GMs vote Kevin Durant as the best player to take the shot with the game on the line (41%) ahead of Stephen Curry (24%) and Damian Lillard (17%)"", ""score"": 314, ""ncomments"": 374}, {""title"": ""Michael Jordan has more 30 PPG/50 FG% seasons than Kevin Durant, Stephen Curry, James Harden, Kobe Bryant, Shaquille O\u2019Neal, and LeBron James COMBINED"", ""score"": 236, ""ncomments"": 224}, {""title"": ""Stephen Curry in DISBELIEF after Andrew Wiggins Knocks Down Four 3s in a Row"", ""score"": 35, ""ncomments"": 17}, {""title"": ""[Aldridge &amp; Thompson II] Stephen Curry on fatherhood, \u2018the code\u2019 and his superpower: \u2018I just try to do what I\u2019ve been doing even better\u2019"", ""score"": 29, ""ncomments"": 24}, {""title"": ""NBA Star Power Index: Stephen Curry hunting Ray Allen's record by launching 3-pointers at historic rate"", ""score"": 23, ""ncomments"": 24}, {""title"": ""NBA top 15 point guard rankings for 2021-22: Stephen Curry leads pack; Trae Young cracks top five"", ""score"": 13, ""ncomments"": 68}, {""title"": ""Stephen Curry has back to back games with 9 threes early this season"", ""score"": 8, ""ncomments"": 0}, {""title"": ""A collection of elite NBA players including KD, Stephen Curry, Bradley Beal, CJ, CP3, Dame Lillard &amp; Lou Will praising Jrue Holiday"", ""score"": 6, ""ncomments"": 15}, {""title"": ""2016 Stephen Curry"", ""score"": 4, ""ncomments"": 113}, {""title"": ""After 8 straight home games the Warriors head on the road and lose. Stephen Curry in the fourth quarter had 4 points on 1/8 shooting."", ""score"": 3, ""ncomments"": 0}, {""title"": ""[Highlight] Stephen Curry immediately knows his three is going to miss to the right and tries to chase down his own rebound before the ball even starts coming down"", ""score"": 3, ""ncomments"": 47}, {""title"": ""Stephen Curry CHEF MODE ON! 40 PTS 9 THREES \ud83d\udd25"", ""score"": 3, ""ncomments"": 4}, {""title"": ""[Stephen Curry] Steph is 16 threes away from breaking Ray Allen's regular season 3-PT record. He's not ruling out the chance that it'll happen tomorrow \ud83d\ude33\ud83c\udf7f"", ""score"": 3, ""ncomments"": 47}, {""title"": ""In tonight\u2019s loss to the Spurs, Stephen Curry finishes with 27 points on 7/28 shooting, including 5/18 from 3."", ""score"": 3, ""ncomments"": 423}, {""title"": ""Stephen Curry vs Trail Blazers | Cooks them up with 32 PTS, 7 REB, 8 AST, 1 STL"", ""score"": 2, ""ncomments"": 19}, {""title"": ""[Charania] 2022 Kobe Bryant All-Star Game MVP Award: Stephen Curry. 50 points, new record 16 three-pointers."", ""score"": 2, ""ncomments"": 215}, {""title"": ""[Highlight] Stephen Curry and Ray Allen pays respect to one another after Steph breaks Ray Allen's 3pt record"", ""score"": 2, ""ncomments"": 1}, {""title"": ""[Charania] 2022 West All-Star starters: Stephen Curry Ja Morant LeBron James Nikola Jokic Andrew Wiggins"", ""score"": 2, ""ncomments"": 1}, {""title"": ""Lebron James averages 28.7/8.7/6.2 against Stephen Curry in the 19 games they've played each other in."", ""score"": 2, ""ncomments"": 0}, {""title"": ""[Highlight] Stephen Curry makes it look easy and hits 3 wild 3-pointers in 3 straight possessions"", ""score"": 2, ""ncomments"": 49}, {""title"": ""With tonights performance in the All-star game stephen curry ends his beef with charities and will be donating 105 thousand dollars to the charities of the Cleveland"", ""score"": 2, ""ncomments"": 63}, {""title"": ""[Highlight] Stephen Curry turns around and talks to the crowd before his 15th three pointer drops in"", ""score"": 2, ""ncomments"": 301}, {""title"": ""Stephen Curry 25 PTS 6 AST Full Highlights vs Timberwolves \ud83d\udd25"", ""score"": 2, ""ncomments"": 14}, {""title"": ""[Highlight] Stephen Curry long 3 over Nuggets after a run that landed them in the lead"", ""score"": 2, ""ncomments"": 1}]"
8,Chris Paul,2021,"[{""title"": ""Jae Crowder on using his floater more and if he's always had that in his game: \u201cI just gotta bring it out.\u201d Chris Paul: \u201cAlways had it?\u201d Crowder: \u201cYeah I've always had it, C.\u201d CP3: \u201cCap.\u201d"", ""score"": 1247, ""ncomments"": 254}, {""title"": ""Chris Paul and Devin Booker are now shooting a combined 22-32 (69%) on \""clutch\"" shots this season"", ""score"": 209, ""ncomments"": 116}, {""title"": ""Chris Paul offers his perspective on Kyrie Irving potentially missing home games due to vaccine mandates in New York: \u201cI think every situation is personal. ... It\u2019s not up to me to make a decision for anybody except for me and my family.\u201d"", ""score"": 77, ""ncomments"": 609}, {""title"": ""Chris Paul led the league in assists his third season in the NBA (07-08). A third of the way into his 17th season, he\u2019s doing it again."", ""score"": 45, ""ncomments"": 38}, {""title"": ""[Highlight] Ref walks back into Chris Paul and draws a second tech"", ""score"": 43, ""ncomments"": 830}, {""title"": ""Chris Paul becomes the First player in NBA history to hit 20,000 points and 10,000 assists!"", ""score"": 9, ""ncomments"": 16}, {""title"": ""[Perez]Rob Perez on Twitter (Chris Paul Mocks Trae Young for flopping exactly like Chris Paul does"", ""score"": 9, ""ncomments"": 4}, {""title"": ""Chris Paul becomes the first NBA player to hit 20,000 points and 10,000 assists"", ""score"": 5, ""ncomments"": 17}, {""title"": ""Chris Paul goes for 15 pts 11 ast 6 reb and 5 stls to tie the Suns win streak of 17 in a row!"", ""score"": 2, ""ncomments"": 25}, {""title"": ""Chris Paul offers his perspective on Kyrie Irving potentially missing home games due to vaccine mandates in New York: \u201cI think every situation is personal. ... It\u2019s not up to me to make a decision for anybody except for me and my family.\u201d"", ""score"": 2, ""ncomments"": 13}, {""title"": ""Chris Paul becomes the FIRST Nba player to hit 20,000 points and 10,000 assists!"", ""score"": 2, ""ncomments"": 265}, {""title"": ""[Gambadoro] Have heard that Chris Paul may play either tomorrow vs Denver or Sunday vs Philly. It's really his call. Cam Johnson is a few games behind Chris so likely to miss a few more games before returning."", ""score"": 2, ""ncomments"": 0}, {""title"": ""Chris Paul is expected to miss 6-8 weeks with a fractured thumb."", ""score"": 2, ""ncomments"": 3}, {""title"": ""Chris Paul tonight: 15/2/12/2 steals and blocks on (7-12) shooting with 0 turnovers"", ""score"": 2, ""ncomments"": 0}, {""title"": ""[Video request] Chris Paul nutmegs Taurean prince and tries to run out the shot clock only for prince to give him hard frustration foul."", ""score"": 2, ""ncomments"": 0}, {""title"": ""[Highlight] Chris Paul with a filthy pocket pass to cutting Bridges who completes the and-1"", ""score"": 2, ""ncomments"": 1}, {""title"": ""Chris Paul Tonight: 14/4/10 assists on (3-6) shooting"", ""score"": 2, ""ncomments"": 25}, {""title"": ""Chris Paul tonight: 12/1/12 assists with 2 steals on (4-7) shooting"", ""score"": 2, ""ncomments"": 39}, {""title"": ""Jae Crowder on using his floater more and if he's always had that in his game: \u201cI just gotta bring it out.\u201d Chris Paul: \u201cAlways had it? Crowder: \""Yeah I've always had it, C.\u201d CP3: \u201cCap.\u201d"", ""score"": 2, ""ncomments"": 4}, {""title"": ""Chris Paul commercials are the worst by a significant margin."", ""score"": 2, ""ncomments"": 0}, {""title"": ""[Serious] Is Chris Paul now better than James Harden?"", ""score"": 2, ""ncomments"": 1}, {""title"": ""Chris Paul is better than Steve Nash was and Steve Nash was a 2x MVP doing something newer but essentially the same as what CP3 is doing now."", ""score"": 2, ""ncomments"": 84}, {""title"": ""\u201c I still say it. Nobody can score it like him. It\u2019s crazy man.\u201d- Chris Paul on James Harden, via the No chill podcast."", ""score"": 1, ""ncomments"": 47}, {""title"": ""Ja Morant says he\u2019s a top 5 PG in the NBA, along with Steph Curry, Chris Paul, Damian Lillard and Russell Westbrook \u201cThe point guard position is so loaded. Some guys have to get left out.\u201d"", ""score"": 1, ""ncomments"": 7}, {""title"": ""JJ Redick's Phone Call To Chris Paul The Night Before He Retired"", ""score"": 1, ""ncomments"": 18}]"
9,DeMar DeRozan,2021,"[{""title"": ""[Highlight] DeMar DeRozan gets the block, Caruso feeds him for the dunk"", ""score"": 1418, ""ncomments"": 290}, {""title"": ""DeMar DeRozan finishes the game against the Celtics with 37 points, 7 rebounds, 2 assists, 1 steal and a block on 15/20 shooting and 3/4 from three."", ""score"": 793, ""ncomments"": 508}, {""title"": ""[Charania] Bulls\u2019 DeMar DeRozan will miss at least 10 days in health and safety protocols, or unless he has two negative tests in 24-hour period moving forward, sources tell @TheAthletic @Stadium."", ""score"": 432, ""ncomments"": 74}, {""title"": ""[Charania] The Bulls now have four players in COVID-19 health and safety protocols \u2014 guard Matt Thomas is expected to miss several games, sources said. Thomas joins DeMar DeRozan, Coby White and Javonte Green in protocols."", ""score"": 252, ""ncomments"": 121}, {""title"": ""DeMar DeRozan COOKING UP The Celtics \ud83d\udd25 37 Points Full Highlights"", ""score"": 87, ""ncomments"": 37}, {""title"": ""[Grande] Tuesday was the 26th time in 56 regular season games Lebron James scored 30 against the Celtics. Since he entered the NBA in 2003, no one else has come close. 30-Point Games vs. Boston (2003-2022): LeBron James - 26, Dwyane Wade - 10, DeMar DeRozan - 9, Giannis/Beal/AD - 8"", ""score"": 48, ""ncomments"": 42}, {""title"": ""After being ranked 82nd by ESPN last year , DeMar DeRozan is ranked 49th this year"", ""score"": 17, ""ncomments"": 206}, {""title"": ""[Highlight] Alex Caruso No-Look To DeMar DeRozan. Then He Does Eye Gesture."", ""score"": 6, ""ncomments"": 6}, {""title"": ""DeMar DeRozan and Zach LaVine combine for 65 PTS vs. Hawks"", ""score"": 5, ""ncomments"": 1}, {""title"": ""[Post Game Thread] The Chicago Bulls (45-32) defeat the Los Angeles Clippers (37-40) in OT, 135 - 130 Behind DeMar DeRozan 50/6/5"", ""score"": 3, ""ncomments"": 0}, {""title"": ""[Highlight] DeMar DeRozan with back to back insane game winning, 3 point buzzer beaters"", ""score"": 3, ""ncomments"": 1}, {""title"": ""DeMar DeRozan in '21-'22: 27.5 PPG on 51.2% (19.6 FGA). Michael Jordan in '84-'85: 28.2 PPG on 51.5% (19.8 FGA)."", ""score"": 2, ""ncomments"": 0}, {""title"": ""[Serious] Is DeMar DeRozan a MVP candidate?"", ""score"": 2, ""ncomments"": 1}, {""title"": ""[Post Game Thread] The Chicago Bulls (39-21) defeat the Atlanta Hawks (28-31), 112-108, behind 37 points on 15-21 shooting from DeMar DeRozan!"", ""score"": 2, ""ncomments"": 0}, {""title"": ""Demar DeRozan has broken Wilt Chamberlain\u2019s record for consecutive games scoring 35+ points while shooting at least 50% from the field."", ""score"": 2, ""ncomments"": 12}, {""title"": ""Is Demar Derozan proof that Michael Jordan would dominate this era?"", ""score"": 2, ""ncomments"": 0}, {""title"": ""The top 5 isolation scorers this season: 1. James Harden (1.16PPP) 2. Bradley Beal (1.15) 3. DeMar DeRozan (1.12) 4. Kevin Durant (1.12) 5. Spencer Dinwiddie (1.09)"", ""score"": 2, ""ncomments"": 40}, {""title"": ""[Durant] Thank you for setting a great example and playing the game with supreme skill DeMar DeRozan"", ""score"": 2, ""ncomments"": 1007}, {""title"": ""That time DeMar Derozan intentionally missed out on an NBA record in order to secure a game"", ""score"": 1, ""ncomments"": 0}, {""title"": ""DeMar DeRozan tonight: 23 points and the W!"", ""score"": 1, ""ncomments"": 91}, {""title"": ""DeMar DeRozan Thought About Joining The Lakers or Clippers | FULL INTERVIEW (Chips)"", ""score"": 1, ""ncomments"": 13}, {""title"": ""[REQUEST] Demar Derozan poster on Diallo"", ""score"": 1, ""ncomments"": 2}, {""title"": ""DeMar DeRozan in response to why his # of free throws remain the same but the league has dropped: \""I don't know... I don't flop\"""", ""score"": 1, ""ncomments"": 296}, {""title"": ""[Post-Game Thread] The Chicago Bulls (6-1) defeat the Boston Celtics (2-5) 128-114, led by 37 points from DeMar DeRozan!"", ""score"": 1, ""ncomments"": 2}, {""title"": ""DeMar DeRozan LiGHTS Up Boston For 37 Pts On 15/20 FGM vs Celtics | FreeDawkins"", ""score"": 1, ""ncomments"": 0}]"
10,Kevin Durant,2021,"[{""title"": ""Kevin Durant on playing increased minutes: \u201cI know people may be concerned about my minutes and I got injured before and all this extra shit\u2026 But I might play 48 tomorrow, just cause, give you something to talk about.\u201d"", ""score"": 2218, ""ncomments"": 369}, {""title"": ""NBA GMs: Which player forces opposing coaches to make the most adjustments? 1. Stephen Curry, Golden State \u2013 27% 2. Kevin Durant, Brooklyn \u2013 20% 3. LeBron James, L.A. Lakers \u2013 17% 4. James Harden, Brooklyn \u2013 13%"", ""score"": 414, ""ncomments"": 503}, {""title"": ""NBA GMs vote Kevin Durant as the best player to take the shot with the game on the line (41%) ahead of Stephen Curry (24%) and Damian Lillard (17%)"", ""score"": 314, ""ncomments"": 374}, {""title"": ""[Lewis] Kevin Durant on Kyrie Irving's absence: \""I'm envisioning Kyrie being a part of our team. Maybe I'm just na\u00efve, but that's just how I feel. But everybody here has that confidence in themselves and our group, that if we keep doing it we can do something special.\u201d"", ""score"": 272, ""ncomments"": 679}, {""title"": ""[Andrews] Kevin Durant and LaMarcus Aldridge will both rest against the Rockets tonight, the Nets say. Durant played 41 minutes against the Mavs last night."", ""score"": 253, ""ncomments"": 148}, {""title"": ""Michael Jordan has more 30 PPG/50 FG% seasons than Kevin Durant, Stephen Curry, James Harden, Kobe Bryant, Shaquille O\u2019Neal, and LeBron James COMBINED"", ""score"": 236, ""ncomments"": 224}, {""title"": ""Kevin Durant tonight: 24 PTS, 7 REB, 3 AST, 41 MP"", ""score"": 74, ""ncomments"": 75}, {""title"": ""[Scotto] JJ Redick on Kevin Durant: \""What he\u2019s been able to do post-Achilles has been nothing short of remarkable. From my perspective as a player and my peers' perspective, he\u2019s the best player in the NBA, and everybody else is sort of competing for that second spot.\u201d"", ""score"": 56, ""ncomments"": 553}, {""title"": ""Kevin Durant, who was ejected for a foul on Kelly Olynyk last night, performed a similar forearm shove to Jayson Tatum in last year's playoff series between the Nets and Celtics."", ""score"": 37, ""ncomments"": 58}, {""title"": ""Chris Broussard on James Hardens comments about a contract extension: \""Watching James Harden's interview made me wonder, is this a Kevin Durant-Golden State situation? Is Harden just going to Brooklyn to get his rings and then go do whatever the heck he wants once the monkey is off his back?\"""", ""score"": 31, ""ncomments"": 91}, {""title"": ""Kevin Durant on Twitter to Skip Bayless: \""I really don\u2019t like u\"""", ""score"": 13, ""ncomments"": 11}, {""title"": ""[Statmuse]Kevin Durant is averaging 40.4 minutes in his last 5 games."", ""score"": 11, ""ncomments"": 30}, {""title"": ""Kevin Durant says he had no idea James Harden wanted to leave Brooklyn until just a few days ago"", ""score"": 8, ""ncomments"": 200}, {""title"": ""Kevin Durant on Kyrie Irving's absence: \""I'm envisioning Kyrie being a part of our team. Maybe I'm just na\u00efve, but that's just how I feel. But everybody here has that confidence in themselves and our group, that if we keep doing it we can do something special.\u201d"", ""score"": 8, ""ncomments"": 16}, {""title"": ""[Lewis] LaMarcus Aldridge (rest) and Kevin Durant (rest) will both sit out the #Nets game tonight at the #Rockets."", ""score"": 6, ""ncomments"": 24}, {""title"": ""Kevin Durant on Kyrie Irving's absence: \""I'm envisioning Kyrie being a part of our team. Maybe I'm just na\u00efve, but that's just how I feel.\u201d"", ""score"": 5, ""ncomments"": 16}, {""title"": ""NBA Top 100 player rankings for 2021-22: Kevin Durant edges LeBron James for No. 1; any rookies make the cut?"", ""score"": 4, ""ncomments"": 168}, {""title"": ""NBA Top 100 player rankings for 2021-22: Kevin Durant beats out LeBron James, Giannis Antetokounmpo for No. 1"", ""score"": 4, ""ncomments"": 28}, {""title"": ""[Schiffer] Steve Nash said Kevin Durant, James Harden, Kyrie Irving, Blake Griffin, Joe Harris, Patty Mills and James Johnson will sit out tomorrow\u2019s preseason opener against the Lakers."", ""score"": 2, ""ncomments"": 92}, {""title"": ""Most Games with 40+ pts under 21 years old: 8 \u2014 LeBron James 4 \u2014 Kevin Durant 4 \u2014 Luka Don\u010di\u0107 3 \u2014 Anthony Edwards"", ""score"": 2, ""ncomments"": 1}, {""title"": ""Kevin Durant drops a Triple-Double 34 PTS 13 REB 11 AST Full Highlights vs Raptors \ud83d\udd25"", ""score"": 2, ""ncomments"": 0}, {""title"": ""Kevin Durant is the king of the NBA"", ""score"": 2, ""ncomments"": 2}, {""title"": ""The Trio of James Harden, Kyrie Irving, and Kevin Durant Only Played 10 Games Together Over 126 Regular Season Games. Here are the Stats When They Did Play Together"", ""score"": 2, ""ncomments"": 7}, {""title"": ""Kevin Durant with 53 points (19/37 FG) 6 rebounds 9 assists 2 steals in win vs Knicks"", ""score"": 2, ""ncomments"": 0}, {""title"": ""Nets star Kevin Durant nixed potential Kyrie Irving for Ben Simmons trade"", ""score"": 2, ""ncomments"": 4}]"
11,LeBron James,2021,"[{""title"": ""LeBron James checks out with 30 points 4 rebounds and 5 assists on 13/19 shooting"", ""score"": 2491, ""ncomments"": 1154}, {""title"": ""NBA GMs: Which player forces opposing coaches to make the most adjustments? 1. Stephen Curry, Golden State \u2013 27% 2. Kevin Durant, Brooklyn \u2013 20% 3. LeBron James, L.A. Lakers \u2013 17% 4. James Harden, Brooklyn \u2013 13%"", ""score"": 414, ""ncomments"": 503}, {""title"": ""[Charania] Lakers\u2019 LeBron James (ankle sprain) will miss tonight\u2019s game vs. Mavericks."", ""score"": 406, ""ncomments"": 210}, {""title"": ""Michael Jordan has more 30 PPG/50 FG% seasons than Kevin Durant, Stephen Curry, James Harden, Kobe Bryant, Shaquille O\u2019Neal, and LeBron James COMBINED"", ""score"": 236, ""ncomments"": 224}, {""title"": ""[Oram] Frank Vogel calls the injury to LeBron James \""the latest and maybe biggest blow to our psyche,\"" which doesn't exactly hint at an imminent return."", ""score"": 173, ""ncomments"": 89}, {""title"": ""LeBron James Goes Off \ud83d\udd25 30 PTS 5 AST Full Highlights vs Celtics"", ""score"": 132, ""ncomments"": 66}, {""title"": ""[Haynes] My @NBAonTNT Report: Los Angeles Lakers star Anthony Davis targeting a return Friday, star LeBron James anticipated to miss Thursday in SLC and Kendrick Nunn expected to be shelved for remainder of season."", ""score"": 79, ""ncomments"": 75}, {""title"": ""Lebron James in first game back from injury in win vs Knicks: 40 mins 29 pts (13-24 from the field) 13 rebounds 10 assist Triple Double"", ""score"": 67, ""ncomments"": 25}, {""title"": ""Young LeBron James VS Dwyane Wade duel Full Game (2006) 91 points combined"", ""score"": 60, ""ncomments"": 29}, {""title"": ""[Grande] Tuesday was the 26th time in 56 regular season games Lebron James scored 30 against the Celtics. Since he entered the NBA in 2003, no one else has come close. 30-Point Games vs. Boston (2003-2022): LeBron James - 26, Dwyane Wade - 10, DeMar DeRozan - 9, Giannis/Beal/AD - 8"", ""score"": 48, ""ncomments"": 42}, {""title"": ""Oscar Robertson won his NBA championship with the young Lew Alcindor, who would years later become the all-time NBA scoring leader. Russell Westbrook can win his first NBA championship with LeBron James who could hold the all-time scoring record at some point."", ""score"": 16, ""ncomments"": 25}, {""title"": ""LeBron James DROPS 30 PTS in for Lakers vs. Celtics \ud83c\udf7f \ud83d\udcaa"", ""score"": 12, ""ncomments"": 18}, {""title"": ""LeBron James is now tied with Kobe Bryant in games played. Here is how their career stats compare."", ""score"": 12, ""ncomments"": 8}, {""title"": ""[Chris Mannix] With Jokic and Barton on board, the Denver Nuggets will turn their attention to one more free agent: LeBron James. The Nuggets have been in contact with James's agent and will aggressively pursue a meeting. (Disclaimer - this was in 2018)"", ""score"": 11, ""ncomments"": 64}, {""title"": ""LeBron James is shooting his second-highest FT% ever so far this season at 77%. His highest FT%? 78% during the 2008-09 NBA season."", ""score"": 7, ""ncomments"": 3}, {""title"": ""LeBron James denies need for Lakers roster overhaul, coaching change: 'I love every guy' in this locker room"", ""score"": 6, ""ncomments"": 25}, {""title"": ""Trivia Time: Guess how many number 1 draft picks LeBron James has played with in an NBA game!"", ""score"": 4, ""ncomments"": 20}, {""title"": ""NBA Top 100 player rankings for 2021-22: Kevin Durant edges LeBron James for No. 1; any rookies make the cut?"", ""score"": 4, ""ncomments"": 168}, {""title"": ""NBA Top 100 player rankings for 2021-22: Kevin Durant beats out LeBron James, Giannis Antetokounmpo for No. 1"", ""score"": 4, ""ncomments"": 28}, {""title"": ""Enes Kanter has bigger balls than Lebron James"", ""score"": 3, ""ncomments"": 6}, {""title"": ""Lebron James tonight: 34/11/5 on 13/23 shooting"", ""score"": 3, ""ncomments"": 35}, {""title"": ""LeBron James becomes the second player ever with 37,000 points."", ""score"": 3, ""ncomments"": 0}, {""title"": ""Steph Curry has a higher career TS% than LeBron James in the NBA Finals(58.9% to 56.3%)"", ""score"": 3, ""ncomments"": 51}, {""title"": ""LeBron James tonight: 36/9/7 in the W in Toronto"", ""score"": 3, ""ncomments"": 0}, {""title"": ""[Goon] The Lakers say LeBron James is OUT tonight with a rectus abdominis strain. Dwight Howard and Wayne Ellington are PROBABLE tonight against OKC."", ""score"": 2, ""ncomments"": 175}]"
